"sample_id","study_name","study_condition","age","gender","BMI","country"
"SID31004","FengQ_2015","CRC",64,"male",29.35,"AUT"
"SID31009","FengQ_2015","control",68,"male",32,"AUT"
"SID31021","FengQ_2015","control",60,"female",22.1,"AUT"
"SID31030","FengQ_2015","adenoma",70,"male",34.11,"AUT"
"SID31071","FengQ_2015","control",68,"male",23.45,"AUT"
"SID31112","FengQ_2015","control",66,"male",30.3,"AUT"
"SID31129","FengQ_2015","control",73,"male",29.7,"AUT"
"SID31137","FengQ_2015","adenoma",67,"male",27.14,"AUT"
"SID31159","FengQ_2015","CRC",73,"male",17.99,"AUT"
"SID31160","FengQ_2015","control",67,"female",30,"AUT"
"SID31188","FengQ_2015","CRC",65,"male",28.03,"AUT"
"SID31219","FengQ_2015","control",74,"female",28.3,"AUT"
"SID31223","FengQ_2015","CRC",65,"female",23.31,"AUT"
"SID31233","FengQ_2015","adenoma",62,"male",26.88,"AUT"
"SID31236","FengQ_2015","control",65,"male",29.06,"AUT"
"SID31237","FengQ_2015","CRC",67,"male",29.4,"AUT"
"SID31256","FengQ_2015","adenoma",69,"female",24.13,"AUT"
"SID31267","FengQ_2015","control",67,"male",22.79,"AUT"
"SID31275","FengQ_2015","adenoma",62,"male",30.1,"AUT"
"SID31276","FengQ_2015","CRC",82,"male",30.47,"AUT"
"SID31282","FengQ_2015","adenoma",63,"male",34.08,"AUT"
"SID31285","FengQ_2015","CRC",84,"male",27.28,"AUT"
"SID31300","FengQ_2015","control",68,"female",21.7,"AUT"
"SID31328","FengQ_2015","control",63,"male",30.9,"AUT"
"SID31333","FengQ_2015","control",68,"male",22.2,"AUT"
"SID31337","FengQ_2015","adenoma",62,"male",35.43,"AUT"
"SID31343","FengQ_2015","control",72,"male",29.03,"AUT"
"SID31360","FengQ_2015","control",71,"male",29.04,"AUT"
"SID31367","FengQ_2015","CRC",86,"female",20.5,"AUT"
"SID31379","FengQ_2015","control",63,"male",30.4,"AUT"
"SID31398","FengQ_2015","adenoma",68,"female",34.01,"AUT"
"SID31416","FengQ_2015","control",72,"male",31.8,"AUT"
"SID31424","FengQ_2015","adenoma",68,"female",24.84,"AUT"
"SID31428","FengQ_2015","control",69,"female",30,"AUT"
"SID31431","FengQ_2015","adenoma",71,"male",27.04,"AUT"
"SID31446","FengQ_2015","CRC",84,"female",31.22,"AUT"
"SID31449","FengQ_2015","adenoma",63,"male",30.77,"AUT"
"SID31450","FengQ_2015","control",67,"male",23.14,"AUT"
"SID31452","FengQ_2015","control",66,"female",21.7,"AUT"
"SID31455","FengQ_2015","adenoma",72,"female",27.43,"AUT"
"SID31477","FengQ_2015","adenoma",78,"female",31.24,"AUT"
"SID31489","FengQ_2015","CRC",60,"male",26.64,"AUT"
"SID31493","FengQ_2015","CRC",68,"male",32.25,"AUT"
"SID31501","FengQ_2015","adenoma",69,"female",24.4,"AUT"
"SID31512","FengQ_2015","control",64,"male",29.3,"AUT"
"SID31519","FengQ_2015","control",65,"male",28.9,"AUT"
"SID31537","FengQ_2015","control",70,"female",31,"AUT"
"SID31549","FengQ_2015","CRC",84,"female",27.77,"AUT"
"SID31557","FengQ_2015","control",74,"female",28.5,"AUT"
"SID31582","FengQ_2015","adenoma",77,"male",25.7,"AUT"
"SID31637","FengQ_2015","control",66,"male",29.98,"AUT"
"SID31685","FengQ_2015","CRC",74,"male",26.37,"AUT"
"SID31700","FengQ_2015","control",72,"female",28.7,"AUT"
"SID31705","FengQ_2015","adenoma",84,"female",24.7,"AUT"
"SID31711","FengQ_2015","control",66,"male",30.02,"AUT"
"SID31714","FengQ_2015","control",69,"female",28.3,"AUT"
"SID31723","FengQ_2015","control",69,"female",22.4,"AUT"
"SID31749","FengQ_2015","control",70,"male",31.25,"AUT"
"SID31750","FengQ_2015","control",66,"male",34.04,"AUT"
"SID31766","FengQ_2015","control",73,"female",32,"AUT"
"SID31865","FengQ_2015","CRC",55,"female",23.34,"AUT"
"SID31866","FengQ_2015","CRC",73,"female",29.75,"AUT"
"SID31868","FengQ_2015","CRC",64,"female",24.09,"AUT"
"SID31870","FengQ_2015","CRC",63,"male",25.88,"AUT"
"SID31871","FengQ_2015","CRC",72,"male",28.41,"AUT"
"SID31872","FengQ_2015","CRC",46,"male",30.86,"AUT"
"SID31873","FengQ_2015","CRC",73,"male",24.82,"AUT"
"SID31874","FengQ_2015","CRC",74,"female",29.17,"AUT"
"SID31875","FengQ_2015","CRC",58,"male",27.76,"AUT"
"SID31876","FengQ_2015","CRC",56,"female",20.07,"AUT"
"SID31877","FengQ_2015","CRC",72,"female",26.67,"AUT"
"SID31878","FengQ_2015","CRC",52,"female",27.14,"AUT"
"SID31879","FengQ_2015","CRC",71,"male",29.74,"AUT"
"SID31880","FengQ_2015","CRC",74,"male",24.34,"AUT"
"SID31881","FengQ_2015","CRC",60,"female",30.08,"AUT"
"SID31883","FengQ_2015","CRC",43,"male",22.68,"AUT"
"SID31884","FengQ_2015","CRC",54,"male",27.34,"AUT"
"SID530002","FengQ_2015","adenoma",60,"female",30,"AUT"
"SID530018","FengQ_2015","adenoma",56,"male",29.41,"AUT"
"SID530026","FengQ_2015","adenoma",83,"female",21.94,"AUT"
"SID530028","FengQ_2015","adenoma",67,"male",33.23,"AUT"
"SID530039","FengQ_2015","adenoma",67,"male",28.34,"AUT"
"SID530041","FengQ_2015","adenoma",69,"male",21.46,"AUT"
"SID530050","FengQ_2015","control",71,"female",29,"AUT"
"SID530052","FengQ_2015","control",64,"male",29.38,"AUT"
"SID530054","FengQ_2015","adenoma",64,"female",20.52,"AUT"
"SID530055","FengQ_2015","control",64,"male",22.78,"AUT"
"SID530074","FengQ_2015","control",68,"female",22.1,"AUT"
"SID530075","FengQ_2015","control",63,"male",34.14,"AUT"
"SID530119","FengQ_2015","control",70,"male",31.6,"AUT"
"SID530142","FengQ_2015","adenoma",61,"female",22.8,"AUT"
"SID530154","FengQ_2015","control",74,"female",28.5,"AUT"
"SID530163","FengQ_2015","control",63,"male",30.4,"AUT"
"SID530167","FengQ_2015","control",72,"female",30,"AUT"
"SID530168","FengQ_2015","adenoma",62,"female",32.8,"AUT"
"SID530172","FengQ_2015","adenoma",63,"male",27.4,"AUT"
"SID530177","FengQ_2015","control",71,"female",29,"AUT"
"SID530185","FengQ_2015","adenoma",52,"female",32.8,"AUT"
"SID530215","FengQ_2015","control",65,"male",31.22,"AUT"
"SID530227","FengQ_2015","control",68,"female",22.4,"AUT"
"SID530251","FengQ_2015","control",72,"male",31.8,"AUT"
"SID530258","FengQ_2015","control",65,"male",22.03,"AUT"
"SID530262","FengQ_2015","adenoma",64,"male",29.3,"AUT"
"SID530295","FengQ_2015","control",70,"female",22.67,"AUT"
"SID530297","FengQ_2015","adenoma",78,"female",24,"AUT"
"SID530315","FengQ_2015","control",75,"female",31,"AUT"
"SID530323","FengQ_2015","adenoma",71,"male",24.8,"AUT"
"SID530331","FengQ_2015","control",70,"male",23.67,"AUT"
"SID530348","FengQ_2015","adenoma",58,"male",21.7,"AUT"
"SID530364","FengQ_2015","control",63,"male",31.17,"AUT"
"SID530368","FengQ_2015","control",70,"female",22.8,"AUT"
"SID530373","FengQ_2015","CRC",47,"female",25.78,"AUT"
"SID530394","FengQ_2015","control",67,"female",22.58,"AUT"
"SID530398","FengQ_2015","adenoma",80,"male",26.47,"AUT"
"SID530403","FengQ_2015","adenoma",75,"female",30.12,"AUT"
"SID530444","FengQ_2015","control",62,"female",22.1,"AUT"
"SID530450","FengQ_2015","adenoma",48,"male",25.61,"AUT"
"SID530451","FengQ_2015","control",68,"male",29.8,"AUT"
"SID530558","FengQ_2015","adenoma",56,"female",22.8,"AUT"
"SID530600","FengQ_2015","adenoma",70,"female",25.2,"AUT"
"SID530623","FengQ_2015","adenoma",62,"male",24.3,"AUT"
"SID530697","FengQ_2015","adenoma",63,"female",30.47,"AUT"
"SID530705","FengQ_2015","adenoma",77,"male",37.56,"AUT"
"SID530743","FengQ_2015","adenoma",66,"female",22.65,"AUT"
"SID530756","FengQ_2015","adenoma",70,"female",29.38,"AUT"
"SID530840","FengQ_2015","adenoma",74,"female",24.13,"AUT"
"SID530867","FengQ_2015","adenoma",58,"male",27.02,"AUT"
"SID530890","FengQ_2015","CRC",77,"male",29.41,"AUT"
"SID531128","FengQ_2015","CRC",52,"male",25.73,"AUT"
"SID531155","FengQ_2015","CRC",72,"female",24.22,"AUT"
"SID531248","FengQ_2015","CRC",79,"male",26.3,"AUT"
"SID531274","FengQ_2015","CRC",77,"male",19.16,"AUT"
"SID531277","FengQ_2015","CRC",64,"male",29.07,"AUT"
"SID531281","FengQ_2015","CRC",72,"female",27.12,"AUT"
"SID531333","FengQ_2015","CRC",69,"male",29.94,"AUT"
"SID531352","FengQ_2015","CRC",66,"male",22.6,"AUT"
"SID531361","FengQ_2015","CRC",72,"female",23.83,"AUT"
"SID531382","FengQ_2015","CRC",65,"male",29.74,"AUT"
"SID531403","FengQ_2015","adenoma",59,"female",29.2,"AUT"
"SID531414","FengQ_2015","control",46,"male",23.15,"AUT"
"SID531416","FengQ_2015","CRC",63,"male",33.56,"AUT"
"SID531424","FengQ_2015","control",46,"male",28.74,"AUT"
"SID531469","FengQ_2015","CRC",45,"female",22.15,"AUT"
"SID531663","FengQ_2015","adenoma",63,"male",25.65,"AUT"
"SID531766","FengQ_2015","CRC",72,"male",24.34,"AUT"
"SID531775","FengQ_2015","CRC",77,"female",23.5,"AUT"
"SID532305","FengQ_2015","adenoma",56,"female",43.58,"AUT"
"SID532749","FengQ_2015","control",55,"male",27.76,"AUT"
"SID532779","FengQ_2015","control",70,"male",28.72,"AUT"
"SID532796","FengQ_2015","control",73,"female",26.56,"AUT"
"SID532802","FengQ_2015","control",68,"male",23.53,"AUT"
"SID532826","FengQ_2015","control",78,"male",31.22,"AUT"
"SID532832","FengQ_2015","adenoma",68,"female",27.55,"AUT"
"SID532915","FengQ_2015","control",43,"female",22.65,"AUT"
"LILT_GF06_16","ThomasAM_2018a","control",77,"female",25,"ITA"
"LILT_GF12_16","ThomasAM_2018a","adenoma",68,"female",30,"ITA"
"LILT_GF15_16","ThomasAM_2018a","CRC",75,"male",NA,"ITA"
"LILT_GF16_T017","ThomasAM_2018a","adenoma",77,"female",20,"ITA"
"LILT_GF17_16","ThomasAM_2018a","adenoma",62,"female",29,"ITA"
"LILT_GF18_T016","ThomasAM_2018a","adenoma",55,"male",19,"ITA"
"LILT_VF00TL_16","ThomasAM_2018a","control",71,"male",25,"ITA"
"LILT_VF02_T016","ThomasAM_2018a","adenoma",73,"female",31,"ITA"
"LILT_VF04_16","ThomasAM_2018a","adenoma",70,"female",21,"ITA"
"LILT_VF06_16","ThomasAM_2018a","control",70,"female",20,"ITA"
"LILT_VF07_16","ThomasAM_2018a","adenoma",64,"female",25,"ITA"
"LILT_VF100_T016","ThomasAM_2018a","CRC",64,"male",30,"ITA"
"LILT_VF102_T017","ThomasAM_2018a","adenoma",50,"male",26,"ITA"
"LILT_VF107_16","ThomasAM_2018a","CRC",78,"male",30,"ITA"
"LILT_VF114_T017","ThomasAM_2018a","CRC",77,"male",23,"ITA"
"LILT_VF120_16","ThomasAM_2018a","CRC",63,"male",37,"ITA"
"LILT_VF145_T017","ThomasAM_2018a","CRC",67,"male",35,"ITA"
"LILT_VF154_T017","ThomasAM_2018a","CRC",77,"male",22,"ITA"
"LILT_VF166_T017","ThomasAM_2018a","CRC",83,"female",19,"ITA"
"LILT_VF174_T017","ThomasAM_2018a","CRC",66,"male",24,"ITA"
"LILT_VF176_T017","ThomasAM_2018a","CRC",64,"male",23,"ITA"
"LILT_VF192_T017","ThomasAM_2018a","CRC",78,"male",26,"ITA"
"LILT_VF197_T017","ThomasAM_2018a","adenoma",77,"male",36,"ITA"
"LILT_VF29_16","ThomasAM_2018a","CRC",74,"male",25,"ITA"
"LILT_VF30_16","ThomasAM_2018a","adenoma",53,"female",21,"ITA"
"LILT_VF31_16","ThomasAM_2018a","control",59,"male",26,"ITA"
"LILT_VF32_T016","ThomasAM_2018a","adenoma",56,"female",30,"ITA"
"LILT_VF35_16","ThomasAM_2018a","adenoma",59,"male",22,"ITA"
"LILT_VF37_16","ThomasAM_2018a","adenoma",57,"male",29,"ITA"
"LILT_VF38_16","ThomasAM_2018a","adenoma",79,"male",22,"ITA"
"LILT_VF40_16","ThomasAM_2018a","control",68,"female",22,"ITA"
"LILT_VF43_16","ThomasAM_2018a","control",60,"male",22,"ITA"
"LILT_VF47_16","ThomasAM_2018a","adenoma",53,"female",23,"ITA"
"LILT_VF50_16","ThomasAM_2018a","adenoma",58,"male",23,"ITA"
"LILT_VF55_T017","ThomasAM_2018a","adenoma",77,"male",24,"ITA"
"LILT_VF56_16","ThomasAM_2018a","adenoma",58,"male",26,"ITA"
"LILT_VF60_T016","ThomasAM_2018a","adenoma",63,"female",21,"ITA"
"LILT_VF65_16","ThomasAM_2018a","CRC",69,"female",29,"ITA"
"LILT_VF66_T017","ThomasAM_2018a","adenoma",58,"female",25,"ITA"
"LILT_VF69_16","ThomasAM_2018a","adenoma",49,"male",21,"ITA"
"LILT_VF70_16","ThomasAM_2018a","adenoma",61,"male",29,"ITA"
"LILT_VF71_16","ThomasAM_2018a","CRC",67,"female",21,"ITA"
"LILT_VF73_16","ThomasAM_2018a","CRC",58,"male",25,"ITA"
"LILT_VF77_16","ThomasAM_2018a","CRC",70,"male",24,"ITA"
"LILT_VF84_16","ThomasAM_2018a","control",58,"male",24,"ITA"
"LILT_VF90_16","ThomasAM_2018a","adenoma",57,"male",29,"ITA"
"LILT_VF95_16","ThomasAM_2018a","CRC",71,"female",30,"ITA"
"LILT_VF97_16","ThomasAM_2018a","adenoma",70,"male",28,"ITA"
"LILT_VF270_T017","ThomasAM_2018a","CRC",60,"male",22,"ITA"
"LILT_VF207_T017","ThomasAM_2018a","CRC",63,"male",25,"ITA"
"LILT_VF234_T017","ThomasAM_2018a","CRC",61,"male",23,"ITA"
"LILT_VF217_T017","ThomasAM_2018a","CRC",82,"male",28,"ITA"
"LILT_VF273_T017","ThomasAM_2018a","CRC",83,"female",24,"ITA"
"LILT_VF208_T017","ThomasAM_2018a","CRC",74,"male",23,"ITA"
"LILT_VF281_T017","ThomasAM_2018a","CRC",76,"male",26,"ITA"
"LILT_VF172_T017","ThomasAM_2018a","adenoma",67,"male",26,"ITA"
"LILT_VF216_T017","ThomasAM_2018a","CRC",84,"male",22,"ITA"
"LILT_VF232_T017","ThomasAM_2018a","CRC",69,"male",27,"ITA"
"LILT_VF264_T017","ThomasAM_2018a","CRC",78,"male",24,"ITA"
"LILT_VF251_T017","ThomasAM_2018a","CRC",84,"female",23,"ITA"
"LILT_VF259_T016","ThomasAM_2018a","control",71,"male",24,"ITA"
"LILT_VF255_T016","ThomasAM_2018a","control",69,"male",30,"ITA"
"LILT_VF170_T016","ThomasAM_2018a","control",70,"female",25,"ITA"
"LILT_VF206_T016","ThomasAM_2018a","control",80,"male",24,"ITA"
"LILT_VF212_T016","ThomasAM_2018a","control",80,"female",32,"ITA"
"LILT_VF214_T016","ThomasAM_2018a","adenoma",60,"male",24,"ITA"
"LILT_VF261_T016","ThomasAM_2018a","control",69,"male",24,"ITA"
"LILT_VF262_T016","ThomasAM_2018a","control",64,"male",27,"ITA"
"LILT_VF263_T016","ThomasAM_2018a","control",81,"female",28,"ITA"
"LILT_VF265_T016","ThomasAM_2018a","control",64,"male",25,"ITA"
"LILT_VF279_T016","ThomasAM_2018a","control",61,"male",22,"ITA"
"LILT_VF300_T016","ThomasAM_2018a","CRC",57,"male",30,"ITA"
"LILT_VF301_T016","ThomasAM_2018a","adenoma",67,"male",NA,"ITA"
"LILT_VF10_T016","ThomasAM_2018a","control",60,"female",20,"ITA"
"LILT_VF140_T016","ThomasAM_2018a","control",67,"female",24,"ITA"
"LILT_VF171_T016","ThomasAM_2018a","control",77,"female",NA,"ITA"
"LILT_VF18_T016","ThomasAM_2018a","control",64,"male",26,"ITA"
"LILT_VF189_T016","ThomasAM_2018a","control",66,"male",34,"ITA"
"LILT_VF28_T016","ThomasAM_2018a","control",63,"female",28,"ITA"
"LILT_VF82_T016","ThomasAM_2018a","control",61,"female",NA,"ITA"
"CRC_MR_SBJ01C_17","ThomasAM_2018b","CRC",51,"male",20.86111966,"ITA"
"CRC_MR_SBJ02C_17","ThomasAM_2018b","CRC",51,"male",31.56167151,"ITA"
"CRC_MR_SBJ03H_17","ThomasAM_2018b","control",52,"male",23.72281065,"ITA"
"CRC_MR_SBJ04C_17","ThomasAM_2018b","CRC",69,"male",28.982007,"ITA"
"CRC_MR_SBJ05C_17","ThomasAM_2018b","CRC",46,"male",22.46003435,"ITA"
"CRC_MR_SBJ06C_17","ThomasAM_2018b","CRC",57,"male",27.77692989,"ITA"
"CRC_MR_SBJ07C_17","ThomasAM_2018b","CRC",38,"male",27.04164413,"ITA"
"CRC_MR_SBJ10C_17","ThomasAM_2018b","CRC",68,"male",24.30248706,"ITA"
"CRC_MR_SBJ11C_17","ThomasAM_2018b","CRC",68,"female",NA,"ITA"
"CRC_MR_SBJ12C_17","ThomasAM_2018b","CRC",65,"male",29.56194571,"ITA"
"CRC_MR_SBJ16H_17","ThomasAM_2018b","control",56,"male",25.68956193,"ITA"
"CRC_MR_SBJ17H_17","ThomasAM_2018b","control",50,"male",23.59700421,"ITA"
"CRC_MR_SBJ18H_17","ThomasAM_2018b","control",54,"male",25.18078512,"ITA"
"CRC_MR_SBJ20C_17","ThomasAM_2018b","CRC",59,"female",28.99930748,"ITA"
"CRC_MR_SBJ21H_17","ThomasAM_2018b","control",67,"female",20.43816558,"ITA"
"CRC_MR_SBJ22C_17","ThomasAM_2018b","CRC",62,"male",31.09789075,"ITA"
"CRC_MR_SBJ24H_17","ThomasAM_2018b","control",66,"male",19.71332153,"ITA"
"CRC_MR_SBJ25C_17","ThomasAM_2018b","CRC",70,"male",28.37370242,"ITA"
"CRC_MR_SBJ26C_17","ThomasAM_2018b","CRC",56,"female",27.82931354,"ITA"
"CRC_MR_SBJ27C_17","ThomasAM_2018b","CRC",61,"male",27.44059917,"ITA"
"CRC_MR_SBJ29C_17","ThomasAM_2018b","CRC",65,"male",25.35154137,"ITA"
"CRC_MR_SBJ31C_17","ThomasAM_2018b","CRC",62,"male",26.64359862,"ITA"
"CRC_MR_SBJ32C_17","ThomasAM_2018b","CRC",39,"female",20.54988662,"ITA"
"CRC_MR_SBJ33C_17","ThomasAM_2018b","CRC",63,"male",29.96161169,"ITA"
"CRC_MR_SBJ34H_17","ThomasAM_2018b","control",58,"female",20.3125,"ITA"
"CRC_MR_SBJ35C_17","ThomasAM_2018b","CRC",59,"male",27.58020032,"ITA"
"CRC_MR_SBJ36C_17","ThomasAM_2018b","CRC",51,"female",19.43301326,"ITA"
"CRC_MR_SBJ37H_17","ThomasAM_2018b","control",58,"female",17.68978885,"ITA"
"CRC_MR_SBJ39C_17","ThomasAM_2018b","CRC",58,"male",34.68609088,"ITA"
"CRC_MR_SBJ40C_17","ThomasAM_2018b","CRC",59,"male",38.53061224,"ITA"
"CRC_MR_SBJ42C_17","ThomasAM_2018b","CRC",64,"male",24.93372049,"ITA"
"CRC_MR_SBJ45H_17","ThomasAM_2018b","control",54,"male",24.48979592,"ITA"
"CRC_MR_SBJ46H_17","ThomasAM_2018b","control",66,"male",21.70512943,"ITA"
"CRC_MR_SBJ47C_17","ThomasAM_2018b","CRC",50,"female",19.81784449,"ITA"
"CRC_MR_SBJ49C_17","ThomasAM_2018b","CRC",69,"male",22.64219297,"ITA"
"CRC_MR_SBJ50C_17","ThomasAM_2018b","CRC",56,"male",25.18078512,"ITA"
"CRC_MR_SBJ51C_17","ThomasAM_2018b","CRC",62,"female",20.95717116,"ITA"
"CRC_MR_SBJ52C_17","ThomasAM_2018b","CRC",66,"female",28.08433211,"ITA"
"CRC_MR_SBJ53C_17","ThomasAM_2018b","CRC",55,"male",29.36576335,"ITA"
"CRC_MR_SBJ55C_17","ThomasAM_2018b","CRC",67,"male",29.06976744,"ITA"
"CRC_MR_SBJ57H_17","ThomasAM_2018b","control",66,"female",21.09375,"ITA"
"CRC_MR_SBJ60H_17","ThomasAM_2018b","control",56,"male",23.45091822,"ITA"
"CRC_MR_SBJ61C_17","ThomasAM_2018b","CRC",56,"female",25.390625,"ITA"
"CRC_MR_SBJ63H_17","ThomasAM_2018b","control",NA,"female",NA,"ITA"
"CRC_MR_SBJ64C_17","ThomasAM_2018b","CRC",48,"male",25.2675737,"ITA"
"CRC_MR_SBJ65H_17","ThomasAM_2018b","control",53,"male",32.44997296,"ITA"
"CRC_MR_SBJ67H_17","ThomasAM_2018b","control",46,"male",34.52708907,"ITA"
"CRC_MR_SBJ68H_17","ThomasAM_2018b","control",60,"female",28.125,"ITA"
"CRC_MR_SBJ69H_17","ThomasAM_2018b","control",62,"male",28.69265285,"ITA"
"CRC_MR_SBJ73H_17","ThomasAM_2018b","control",61,"female",21.96712018,"ITA"
"CRC_MR_SBJ74H_17","ThomasAM_2018b","control",69,"female",26.36560303,"ITA"
"CRC_MR_SBJ75H_17","ThomasAM_2018b","control",65,"female",23.38435374,"ITA"
"CRC_MR_SBJ77H_17","ThomasAM_2018b","control",64,"female",21.3251339,"ITA"
"CRC_MR_SBJ78H_17","ThomasAM_2018b","control",54,"male",24.69135802,"ITA"
"CRC_MR_SBJ79H_17","ThomasAM_2018b","control",67,"male",26.36560303,"ITA"
"CRC_MR_SBJ80H_17","ThomasAM_2018b","control",40,"male",26.14927686,"ITA"
"CRC_MR_SBJ81H_17","ThomasAM_2018b","control",60,"female",23.87511478,"ITA"
"CRC_MR_SBJ82H_17","ThomasAM_2018b","control",69,"female",28.65013774,"ITA"
"CRC_MR_SBJ83H_17","ThomasAM_2018b","control",47,"male",26.29757785,"ITA"
"CRC_MR_SBJ84H_17","ThomasAM_2018b","control",41,"male",24.16326531,"ITA"
"mix1_N702-N505_CGTACTAG-GTAAGGAG","ThomasAM_2019_c","control",66,"female",25.4108996539792,"JPN"
"mix3_N707-N505_CTCTCTAC-GTAAGGAG","ThomasAM_2019_c","control",77,"female",23.6340330075308,"JPN"
"mix3_N705-N506_GGACTCCT-ACTGCATA","ThomasAM_2019_c","CRC",69,"female",25.6369171607114,"JPN"
"mix3_N706-N506_TAGGCATG-ACTGCATA","ThomasAM_2019_c","control",73,"female",20.703125,"JPN"
"mix2_N707-N503_CTCTCTAC-TATCCTCT","ThomasAM_2019_c","control",74,"male",20.6851502395123,"JPN"
"mix6_N707-N504_CTCTCTAC-AGAGTAGA","ThomasAM_2019_c","CRC",51,"male",20.7612456747405,"JPN"
"mix2_N708-N504_CAGAGAGG-AGAGTAGA","ThomasAM_2019_c","control",70,"male",23.6614386154678,"JPN"
"mix2_N711-N504_AAGAGGCA-AGAGTAGA","ThomasAM_2019_c","CRC",55,"male",24.5778671518401,"JPN"
"AHCT5GADXX.N703-S501_AGGCAGAA-TAGATCGC","ThomasAM_2019_c","CRC",62,"female",21.0828132906055,"JPN"
"BHCNG3ADXX.N705-S502_GGACTCCT-CTCTCTAT","ThomasAM_2019_c","control",61,"male",26.2335558041742,"JPN"
"BHCNG3ADXX.N708-S502_CAGAGAGG-CTCTCTAT","ThomasAM_2019_c","CRC",78,"male",22.6799524092802,"JPN"
"HGKT5ADXX_PG0662_09A0202_H2","ThomasAM_2019_c","control",76,"male",22.1002895900015,"JPN"
"BHCNG3ADXX.N709-S502_GCTACGCT-CTCTCTAT","ThomasAM_2019_c","CRC",30,"male",25.6895619253651,"JPN"
"BHCNG3ADXX.N711-S502_AAGAGGCA-CTCTCTAT","ThomasAM_2019_c","CRC",69,"female",23.5555555555556,"JPN"
"mix20-N702-S501_CGTACTAG-TAGATCGC","ThomasAM_2019_c","control",71,"female",18.0172064321427,"JPN"
"BHCNG3ADXX.N701-S503_TAAGGCGA-TATCCTCT","ThomasAM_2019_c","CRC",59,"male",25.4580659041199,"JPN"
"BHCNJJADXX.N703-S503_AGGCAGAA-TATCCTCT","ThomasAM_2019_c","CRC",57,"female",18.3690033747704,"JPN"
"BHCNJJADXX.N705-S503_GGACTCCT-TATCCTCT","ThomasAM_2019_c","CRC",38,"male",24.3910588392529,"JPN"
"BHCNJJADXX.N708-S503_CAGAGAGG-TATCCTCT","ThomasAM_2019_c","control",73,"male",25.8166302126286,"JPN"
"mix21_mix22-N705-S502_GGACTCCT-CTCTCTAT","ThomasAM_2019_c","control",66,"male",23.6652443615762,"JPN"
"AHCNC2ADXX.N708_CAGAGAGG","ThomasAM_2019_c","CRC",64,"male",22.4600343506408,"JPN"
"AHCNC2ADXX.N710_CGAGGCTG","ThomasAM_2019_c","CRC",66,"female",22.6002629848784,"JPN"
"mix23_mix24-N703-S503_AGGCAGAA-TATCCTCT","ThomasAM_2019_c","control",64,"female",23.191094619666,"JPN"
"BHCTGKADXX.N707-S505_CTCTCTAC-GTAAGGAG","ThomasAM_2019_c","control",45,"male",22.2222222222222,"JPN"
"BHCNFHADXX.N710-S505_CGAGGCTG-GTAAGGAG","ThomasAM_2019_c","CRC",65,"male",21.3039485766758,"JPN"
"BHCNK3ADXX.N711-S506_AAGAGGCA-ACTGCATA","ThomasAM_2019_c","control",64,"male",20.5191340925413,"JPN"
"BHCNK3ADXX.N712-S506_GTAGAGGA-ACTGCATA","ThomasAM_2019_c","CRC",44,"female",26.6727632982777,"JPN"
"mix29_mix30-N710_CGAGGCTG","ThomasAM_2019_c","control",44,"male",22.0521901834341,"JPN"
"BHCNK3ADXX.N706-S507_TAGGCATG-AAGGAGTA","ThomasAM_2019_c","control",59,"female",20.0288415318058,"JPN"
"mix31_mix32-N702-S506_CGTACTAG-ACTGCATA","ThomasAM_2019_c","control",70,"male",25.7116620752984,"JPN"
"AHCNMFADXX.N709-S507_GCTACGCT-AAGGAGTA","ThomasAM_2019_c","CRC",70,"female",21.9075824577062,"JPN"
"AHCNMFADXX.N712-S507_GTAGAGGA-AAGGAGTA","ThomasAM_2019_c","control",72,"male",22.1367397300044,"JPN"
"AHCNMFADXX.N703-S508_AGGCAGAA-CTAAGCCT","ThomasAM_2019_c","CRC",61,"male",28.2933454051607,"JPN"
"mix31_mix32-N705-S506_GGACTCCT-ACTGCATA","ThomasAM_2019_c","control",75,"male",22.3081499107674,"JPN"
"BHCNM7ADXX.N712-S508_GTAGAGGA-CTAAGCCT","ThomasAM_2019_c","control",67,"female",26.0416666666667,"JPN"
"BHCNM7ADXX.N701-S511_TAAGGCGA-TCTCTCCG","ThomasAM_2019_c","control",50,"female",20.3427977839335,"JPN"
"mix33_mix34-N711-S506_AAGAGGCA-ACTGCATA","ThomasAM_2019_c","control",76,"male",23.7953599048186,"JPN"
"mix33_mix34-N712-S506_GTAGAGGA-ACTGCATA","ThomasAM_2019_c","control",76,"male",25.8805706350208,"JPN"
"mix35_mix36-N712-S507_GTAGAGGA-AAGGAGTA","ThomasAM_2019_c","CRC",28,"male",26.2975778546713,"JPN"
"HGK7MADXX_PG0662_19A0305_H3_L001","ThomasAM_2019_c","CRC",46,"male",19.1511918197052,"JPN"
"HGK7MADXX_PG0662_87A0503_H3_L002","ThomasAM_2019_c","CRC",70,"female",17.3484295105917,"JPN"
"HGKMWADXX_PG0662_92A0617_H3_L001","ThomasAM_2019_c","CRC",63,"female",17.4817898022893,"JPN"
"HGKMWADXX_PG0662_95A0604_H3_L002","ThomasAM_2019_c","control",65,"female",19.818927075357,"JPN"
"HGKYVADXX_PG0662_98A0607_H3_L001","ThomasAM_2019_c","control",78,"male",22.8623685413809,"JPN"
"HGKYVADXX_PG0662_104A0704_H3_L001","ThomasAM_2019_c","control",65,"male",21.5645449137418,"JPN"
"HGKMWADXX_PG0662_166A0807_H3_L002","ThomasAM_2019_c","CRC",70,"male",20.5761316872428,"JPN"
"HGKFCADXX_PG0662_168A0902_H3_L001","ThomasAM_2019_c","control",66,"female",22.3477820880418,"JPN"
"HGK52ADXX_PG0662_172A0906_H3_L001","ThomasAM_2019_c","CRC",62,"male",24.6181037747759,"JPN"
"HGKY7ADXX_PG0662_178A0104_H1_L002","ThomasAM_2019_c","control",76,"female",23.422090729783,"JPN"
"HGKY7ADXX_PG0662_179A0105_H1_L002","ThomasAM_2019_c","control",53,"female",18.6620146861942,"JPN"
"HGKY7ADXX_PG0662_182A0217_H1_L002","ThomasAM_2019_c","CRC",48,"male",23.0300453514739,"JPN"
"HGKY7ADXX_PG0662_239A0206_H1_L001","ThomasAM_2019_c","CRC",45,"female",23.4223683617855,"JPN"
"HGKYWADXX_PG0662_245A0305_H1_L002","ThomasAM_2019_c","CRC",59,"female",22.65625,"JPN"
"HGKYWADXX_PG0662_249A0402_H1_L002","ThomasAM_2019_c","control",45,"male",23.9512265931195,"JPN"
"HGKYWADXX_PG0662_255A0407_H1_L001","ThomasAM_2019_c","CRC",65,"male",21.3839419960573,"JPN"
"HGKYWADXX_PG0662_259A0504_H1_L001","ThomasAM_2019_c","CRC",70,"male",18.9619274241523,"JPN"
"HGKYVADXX_PG0662_320A0604_H1_L002","ThomasAM_2019_c","control",75,"female",22.6666666666667,"JPN"
"HGKY5ADXX_PG0662_332A0817_H1_L001","ThomasAM_2019_c","CRC",69,"male",21.5138585105239,"JPN"
"HJK7MADXX_PG0783_04A0104_H1_L002","ThomasAM_2019_c","CRC",64,"male",23.1084345786212,"JPN"
"HJKJJADXX_PG0783_14A0207_H1_L001","ThomasAM_2019_c","control",76,"male",25.9695290858726,"JPN"
"HJKJ2ADXX_PG0783_19A0305_H1_L001","ThomasAM_2019_c","control",40,"male",22.98190175237,"JPN"
"HJK7VADXX_PG0783_22A0417_H1_L001","ThomasAM_2019_c","CRC",49,"female",19.3821446936434,"JPN"
"HJK7VADXX_PG0783_23A0402_H1_L002","ThomasAM_2019_c","CRC",67,"female",20.1745537476426,"JPN"
"HJK7MADXX_PG0783_24A0403_H1_L001","ThomasAM_2019_c","control",76,"male",21.7993079584775,"JPN"
"HJKJ2ADXX_PG0783_27A0405_H1_L001","ThomasAM_2019_c","CRC",70,"male",24.2424242424242,"JPN"
"HJK7VADXX_PG0783_31A0502_H1_L002","ThomasAM_2019_c","control",49,"female",22.3081499107674,"JPN"
"HJKHTADXX_PG0783_55A0104_H1_L001","ThomasAM_2019_c","control",42,"male",26.1738325513103,"JPN"
"HJKHTADXX_PG0783_65A0205_H1_L002","ThomasAM_2019_c","CRC",59,"female",20.956607495069,"JPN"
"HJKNLADXX_PG0783_67A0207_H1_L002","ThomasAM_2019_c","control",49,"female",21.2305720237141,"JPN"
"HJKHJADXX_PG0783_75A0417_H1_L001","ThomasAM_2019_c","CRC",78,"male",25.9094569517874,"JPN"
"HJKNLADXX_PG0783_82A0407_H1_L002","ThomasAM_2019_c","control",63,"male",22.0580511886839,"JPN"
"HJKNLADXX_PG0783_89A0507_H1_L002","ThomasAM_2019_c","CRC",62,"male",25.5937370619895,"JPN"
"HJKJJADXX_PG0783_92A0603_H1_L002","ThomasAM_2019_c","CRC",46,"female",17.4449267718772,"JPN"
"HJKHJADXX_PG0783_98A0717_H1_L001","ThomasAM_2019_c","CRC",54,"female",20.5688066136624,"JPN"
"HJK7NADXX_PG0783_110A0106_H1_L002","ThomasAM_2019_c","control",42,"female",25.5937370619895,"JPN"
"HJKTNADXX_PG0783_113A0203_H1_L001","ThomasAM_2019_c","control",49,"male",27.3981756824485,"JPN"
"HJK7NADXX_PG0783_128A0406_H1_L002","ThomasAM_2019_c","CRC",32,"female",22.3477820880418,"JPN"
"HJKTNADXX_PG0783_132A0504_H1_L002","ThomasAM_2019_c","CRC",75,"female",22.2222222222222,"JPN"
"HJKTNADXX_PG0783_145A0703_H1_L001","ThomasAM_2019_c","CRC",73,"female",20.5456936226167,"JPN"
"HJKTNADXX_PG0783_147A0704_H1_L002","ThomasAM_2019_c","control",51,"male",28.3848021613488,"JPN"
"MMRS11288076ST-27-0-0","VogtmannE_2016","control",65,"male",23.49075518,"USA"
"MMRS11932626ST-27-0-0","VogtmannE_2016","control",65,"male",29.5647689,"USA"
"MMRS12272136ST-27-0-0","VogtmannE_2016","CRC",51,"male",25.82185491,"USA"
"MMRS14379078ST-27-0-0","VogtmannE_2016","CRC",53,"male",25.01492195,"USA"
"MMRS14602194ST-27-0-0","VogtmannE_2016","CRC",84,"female",NA,"USA"
"MMRS15137911ST-27-0-0","VogtmannE_2016","CRC",64,"female",35.69921875,"USA"
"MMRS16644320ST-27-0-0","VogtmannE_2016","CRC",53,"male",27.89129141,"USA"
"MMRS17603756ST-27-0-0","VogtmannE_2016","control",63,"female",16.8251821,"USA"
"MMRS17963147ST-27-0-0","VogtmannE_2016","control",69,"male",24.06826297,"USA"
"MMRS18295921ST-27-0-0","VogtmannE_2016","CRC",42,"male",22.03412021,"USA"
"MMRS20257302ST-27-0-0","VogtmannE_2016","control",62,"female",20.6657128,"USA"
"MMRS21365932ST-27-0-0","VogtmannE_2016","control",56,"male",22.95510204,"USA"
"MMRS24340226ST-27-0-0","VogtmannE_2016","CRC",70,"male",25.05680552,"USA"
"MMRS25211151ST-27-0-0","VogtmannE_2016","control",60,"female",20.4660355,"USA"
"MMRS25641480ST-27-0-0","VogtmannE_2016","CRC",54,"female",23.49075518,"USA"
"MMRS29805707ST-27-0-0","VogtmannE_2016","control",49,"male",33.37837838,"USA"
"MMRS31306426ST-27-0-0","VogtmannE_2016","CRC",73,"male",25.82185491,"USA"
"MMRS32573774ST-27-0-0","VogtmannE_2016","control",82,"male",20.52443772,"USA"
"MMRS33294861ST-27-0-0","VogtmannE_2016","control",48,"male",23.08594483,"USA"
"MMRS34525504ST-27-0-0","VogtmannE_2016","CRC",71,"male",24.74359546,"USA"
"MMRS34569532ST-27-0-0","VogtmannE_2016","control",72,"male",23.14977187,"USA"
"MMRS35808664ST-27-0-0","VogtmannE_2016","control",63,"male",31.58108108,"USA"
"MMRS36405092ST-27-0-0","VogtmannE_2016","control",48,"male",26.39836735,"USA"
"MMRS38861560ST-27-0-0","VogtmannE_2016","control",76,"female",22.14870825,"USA"
"MMRS38954404ST-27-0-0","VogtmannE_2016","control",55,"female",23.80489116,"USA"
"MMRS39415781ST-27-0-0","VogtmannE_2016","control",70,"female",28.6191716,"USA"
"MMRS39582183ST-27-0-0","VogtmannE_2016","control",39,"male",23.46045525,"USA"
"MMRS40913371ST-27-0-0","VogtmannE_2016","control",76,"female",26.88371488,"USA"
"MMRS41266697ST-27-0-0","VogtmannE_2016","CRC",54,"female",24.02119377,"USA"
"MMRS41711735ST-27-0-0","VogtmannE_2016","CRC",58,"male",21.10714956,"USA"
"MMRS42780924ST-27-0-0","VogtmannE_2016","CRC",65,"male",31.37770284,"USA"
"MMRS43563715ST-27-0-0","VogtmannE_2016","CRC",71,"male",22.59168242,"USA"
"MMRS43939546ST-27-0-0","VogtmannE_2016","CRC",63,"female",25.68279164,"USA"
"MMRS44197125ST-27-0-0","VogtmannE_2016","CRC",40,"male",17.43205713,"USA"
"MMRS44203591ST-27-0-0","VogtmannE_2016","CRC",59,"female",20.36911061,"USA"
"MMRS44587603ST-27-0-0","VogtmannE_2016","CRC",66,"female",31.47038567,"USA"
"MMRS47662059ST-27-0-0","VogtmannE_2016","CRC",74,"male",23.59606481,"USA"
"MMRS47685461ST-27-0-0","VogtmannE_2016","CRC",67,"male",33.19722222,"USA"
"MMRS51307502ST-27-0-0","VogtmannE_2016","control",45,"female",22.6187877,"USA"
"MMRS51410669ST-27-0-0","VogtmannE_2016","CRC",65,"male",21.14167966,"USA"
"MMRS51728985ST-27-0-0","VogtmannE_2016","CRC",61,"male",24.40972222,"USA"
"MMRS51737257ST-27-0-0","VogtmannE_2016","control",63,"male",25.38107518,"USA"
"MMRS54246132ST-27-0-0","VogtmannE_2016","control",63,"male",23.96057028,"USA"
"MMRS54316675ST-27-0-0","VogtmannE_2016","CRC",55,"male",29.64641003,"USA"
"MMRS55294627ST-27-0-0","VogtmannE_2016","CRC",43,"male",32.02555556,"USA"
"MMRS56137463ST-27-0-0","VogtmannE_2016","control",51,"male",24.80655325,"USA"
"MMRS57276462ST-27-0-0","VogtmannE_2016","control",67,"male",30.50206612,"USA"
"MMRS57569834ST-27-0-0","VogtmannE_2016","control",58,"male",24.53076217,"USA"
"MMRS59699117ST-27-0-0","VogtmannE_2016","CRC",85,"male",22.8049308,"USA"
"MMRS61683006ST-27-0-0","VogtmannE_2016","control",62,"female",25.82185491,"USA"
"MMRS62192467ST-27-0-0","VogtmannE_2016","control",70,"female",31.17307175,"USA"
"MMRS62376181ST-27-0-0","VogtmannE_2016","CRC",69,"female",20.79881657,"USA"
"MMRS62666492ST-27-0-0","VogtmannE_2016","control",60,"male",33.42836735,"USA"
"MMRS64281211ST-27-0-0","VogtmannE_2016","CRC",71,"male",27.83306122,"USA"
"MMRS64281551ST-27-0-0","VogtmannE_2016","control",63,"female",28.3190918,"USA"
"MMRS65205033ST-27-0-0","VogtmannE_2016","CRC",89,"female",22.67170572,"USA"
"MMRS65742083ST-27-0-0","VogtmannE_2016","control",63,"male",24.77702703,"USA"
"MMRS65862658ST-27-0-0","VogtmannE_2016","control",72,"male",23.6252888,"USA"
"MMRS65945127ST-27-0-0","VogtmannE_2016","CRC",65,"male",32.07498512,"USA"
"MMRS66868025ST-27-0-0","VogtmannE_2016","control",58,"male",26.77563975,"USA"
"MMRS67096717ST-27-0-0","VogtmannE_2016","control",79,"male",35.18432617,"USA"
"MMRS67247116ST-27-0-0","VogtmannE_2016","CRC",53,"male",25.39408163,"USA"
"MMRS68630931ST-27-0-0","VogtmannE_2016","control",59,"male",23.61596345,"USA"
"MMRS68910755ST-27-0-0","VogtmannE_2016","CRC",83,"female",16.8251821,"USA"
"MMRS71762412ST-27-0-0","VogtmannE_2016","CRC",44,"male",23.36486486,"USA"
"MMRS72802364ST-27-0-0","VogtmannE_2016","CRC",74,"male",NA,"USA"
"MMRS72980899ST-27-0-0","VogtmannE_2016","CRC",63,"male",21.25472411,"USA"
"MMRS73787048ST-27-0-0","VogtmannE_2016","control",47,"male",24.40487998,"USA"
"MMRS77018926ST-27-0-0","VogtmannE_2016","CRC",40,"male",23.73444192,"USA"
"MMRS77321055ST-27-0-0","VogtmannE_2016","CRC",31,"male",19.64189189,"USA"
"MMRS77487595ST-27-0-0","VogtmannE_2016","CRC",78,"male",22.55112497,"USA"
"MMRS78791111ST-27-0-0","VogtmannE_2016","CRC",65,"male",24.32525952,"USA"
"MMRS79893829ST-27-0-0","VogtmannE_2016","control",66,"male",28.20679012,"USA"
"MMRS80093644ST-27-0-0","VogtmannE_2016","CRC",31,"male",19.57562932,"USA"
"MMRS81130264ST-27-0-0","VogtmannE_2016","control",64,"male",32.35389804,"USA"
"MMRS81135225ST-27-0-0","VogtmannE_2016","control",57,"male",25.10714286,"USA"
"MMRS81194191ST-27-0-0","VogtmannE_2016","CRC",54,"male",18.55945822,"USA"
"MMRS81671217ST-27-0-0","VogtmannE_2016","CRC",57,"male",26.38393695,"USA"
"MMRS84085284ST-27-0-0","VogtmannE_2016","control",68,"male",22.14870825,"USA"
"MMRS84159866ST-27-0-0","VogtmannE_2016","control",67,"female",18.63573965,"USA"
"MMRS84954772ST-27-0-0","VogtmannE_2016","CRC",56,"male",25.82185491,"USA"
"MMRS85382779ST-27-0-0","VogtmannE_2016","CRC",66,"male",21.56756757,"USA"
"MMRS85438660ST-27-0-0","VogtmannE_2016","control",68,"male",23.01031541,"USA"
"MMRS85548821ST-27-0-0","VogtmannE_2016","control",71,"male",23.24204082,"USA"
"MMRS86168210ST-27-0-0","VogtmannE_2016","control",79,"male",21.28460208,"USA"
"MMRS86178473ST-27-0-0","VogtmannE_2016","CRC",65,"male",25.10216227,"USA"
"MMRS86958796ST-27-0-0","VogtmannE_2016","CRC",55,"female",31.61420118,"USA"
"MMRS87723283ST-27-0-0","VogtmannE_2016","control",42,"male",27.6123785,"USA"
"MMRS88581325ST-27-0-0","VogtmannE_2016","control",73,"female",23.92060491,"USA"
"MMRS90191266ST-27-0-0","VogtmannE_2016","CRC",37,"male",22.50086505,"USA"
"MMRS91297590ST-27-0-0","VogtmannE_2016","control",36,"male",21.33683793,"USA"
"MMRS92544445ST-27-0-0","VogtmannE_2016","CRC",72,"female",27.79812695,"USA"
"MMRS92546335ST-27-0-0","VogtmannE_2016","control",42,"female",27.2055899,"USA"
"MMRS93508324ST-27-0-0","VogtmannE_2016","CRC",71,"female",NA,"USA"
"MMRS93621581ST-27-0-0","VogtmannE_2016","control",60,"male",23.12088889,"USA"
"MMRS94549160ST-27-0-0","VogtmannE_2016","control",76,"male",23.81591837,"USA"
"MMRS95277876ST-27-0-0","VogtmannE_2016","control",48,"male",21.52040816,"USA"
"MMRS95479054ST-27-0-0","VogtmannE_2016","control",45,"male",24.36357908,"USA"
"MMRS95674036ST-27-0-0","VogtmannE_2016","control",68,"female",38.37115771,"USA"
"MMRS96422329ST-27-0-0","VogtmannE_2016","CRC",66,"male",22.31303313,"USA"
"MMRS97052561ST-27-0-0","VogtmannE_2016","CRC",69,"female",27.75971435,"USA"
"MMRS97307143ST-27-0-0","VogtmannE_2016","control",56,"male",22.70773001,"USA"
"MMRS97327636ST-27-0-0","VogtmannE_2016","CRC",84,"male",23.47763075,"USA"
"MMRS99045180ST-27-0-0","VogtmannE_2016","CRC",67,"female",30.03540039,"USA"
"SZAXPI003409-8","YuJ_2015","CRC",64,"male",23.1,"CHN"
"SZAXPI003410-3","YuJ_2015","CRC",73,"male",23.8,"CHN"
"SZAXPI003411-6","YuJ_2015","CRC",67,"female",24.7,"CHN"
"SZAXPI003412-1","YuJ_2015","CRC",56,"male",25.6,"CHN"
"SZAXPI003413-4","YuJ_2015","CRC",59,"female",20.7,"CHN"
"SZAXPI003414-3","YuJ_2015","CRC",61,"male",25.2,"CHN"
"SZAXPI003415-12","YuJ_2015","CRC",60,"male",23.2,"CHN"
"SZAXPI003416-4","YuJ_2015","CRC",73,"female",17.7,"CHN"
"SZAXPI003417-4","YuJ_2015","control",62,"male",21.7,"CHN"
"SZAXPI003418-8","YuJ_2015","CRC",72,"female",26.3,"CHN"
"SZAXPI003419-6","YuJ_2015","control",65,"male",20.7,"CHN"
"SZAXPI003420-4","YuJ_2015","CRC",65,"male",24.8,"CHN"
"SZAXPI003421-5","YuJ_2015","CRC",71,"male",25.8,"CHN"
"SZAXPI003422-11","YuJ_2015","CRC",50,"male",25.2,"CHN"
"SZAXPI003423-8","YuJ_2015","CRC",55,"male",22.2,"CHN"
"SZAXPI003424-12","YuJ_2015","CRC",77,"male",21.7,"CHN"
"SZAXPI003425-1","YuJ_2015","CRC",45,"female",23,"CHN"
"SZAXPI003426-11","YuJ_2015","CRC",89,"female",23.7,"CHN"
"SZAXPI003427-1","YuJ_2015","control",58,"female",21.6,"CHN"
"SZAXPI003428-6","YuJ_2015","CRC",58,"female",23.9,"CHN"
"SZAXPI003429-3","YuJ_2015","control",68,"male",21.7,"CHN"
"SZAXPI003430-5","YuJ_2015","CRC",64,"female",29.1,"CHN"
"SZAXPI003431-1","YuJ_2015","CRC",75,"female",28.7,"CHN"
"SZAXPI003432-12","YuJ_2015","CRC",73,"male",22.7,"CHN"
"SZAXPI003433-7","YuJ_2015","control",62,"female",21.4,"CHN"
"SZAXPI003434-7","YuJ_2015","CRC",80,"male",24,"CHN"
"SZAXPI003435-11","YuJ_2015","CRC",67,"male",23.1,"CHN"
"SZAXPI003436-7","YuJ_2015","CRC",61,"female",22,"CHN"
"SZAXPI003437-3","YuJ_2015","CRC",63,"male",24.4,"CHN"
"SZAXPI015209-133","YuJ_2015","CRC",51,"female",19.6,"CHN"
"SZAXPI015210-17","YuJ_2015","CRC",64,"male",NA,"CHN"
"SZAXPI015211-166","YuJ_2015","CRC",74,"female",28.7,"CHN"
"SZAXPI015212-113","YuJ_2015","control",68,"male",20.4,"CHN"
"SZAXPI015213-15","YuJ_2015","CRC",83,"female",30.4,"CHN"
"SZAXPI015214-19","YuJ_2015","CRC",70,"male",24.6,"CHN"
"SZAXPI015215-20","YuJ_2015","CRC",56,"male",25.9,"CHN"
"SZAXPI015216-169","YuJ_2015","CRC",54,"male",17.9,"CHN"
"SZAXPI015217-140","YuJ_2015","CRC",74,"male",26.8,"CHN"
"SZAXPI015218-16","YuJ_2015","CRC",57,"male",23.2,"CHN"
"SZAXPI015219-129","YuJ_2015","CRC",54,"female",29.7,"CHN"
"SZAXPI015220-136","YuJ_2015","CRC",62,"male",22.7,"CHN"
"SZAXPI015221-142","YuJ_2015","CRC",54,"female",25.6,"CHN"
"SZAXPI015222-123","YuJ_2015","CRC",69,"male",29,"CHN"
"SZAXPI015223-158","YuJ_2015","CRC",64,"male",24.8,"CHN"
"SZAXPI015224-13","YuJ_2015","CRC",44,"male",22.5,"CHN"
"SZAXPI015225-18","YuJ_2015","CRC",60,"male",17.3,"CHN"
"SZAXPI015226-14","YuJ_2015","CRC",73,"male",24.5,"CHN"
"SZAXPI015227-13","YuJ_2015","control",62,"female",32.5,"CHN"
"SZAXPI015228-14","YuJ_2015","control",58,"male",22.3,"CHN"
"SZAXPI015229-15","YuJ_2015","control",64,"male",24.8,"CHN"
"SZAXPI015230-16","YuJ_2015","control",65,"female",35.1,"CHN"
"SZAXPI015231-17","YuJ_2015","control",62,"male",23.5,"CHN"
"SZAXPI015232-18","YuJ_2015","control",69,"female",24.9,"CHN"
"SZAXPI015233-19","YuJ_2015","control",55,"male",26.4,"CHN"
"SZAXPI015234-20","YuJ_2015","control",64,"female",26.4,"CHN"
"SZAXPI015235-21","YuJ_2015","control",59,"male",25.6,"CHN"
"SZAXPI015237-23","YuJ_2015","CRC",70,"male",21,"CHN"
"SZAXPI015238-24","YuJ_2015","control",71,"female",26.7,"CHN"
"SZAXPI015239-25","YuJ_2015","control",51,"male",21.9,"CHN"
"SZAXPI015240-26","YuJ_2015","control",50,"male",20.5,"CHN"
"SZAXPI015241-27","YuJ_2015","control",64,"male",24.7,"CHN"
"SZAXPI015242-30","YuJ_2015","control",50,"male",23.3,"CHN"
"SZAXPI015243-31","YuJ_2015","control",66,"female",22.4,"CHN"
"SZAXPI015244-32","YuJ_2015","control",52,"male",28.4,"CHN"
"SZAXPI015245-33","YuJ_2015","control",64,"male",25.6,"CHN"
"SZAXPI015246-34","YuJ_2015","control",58,"male",23.1,"CHN"
"SZAXPI015247-35","YuJ_2015","control",64,"female",17.1,"CHN"
"SZAXPI015248-36","YuJ_2015","control",65,"male",22.4,"CHN"
"SZAXPI015249-37","YuJ_2015","control",53,"male",19.7,"CHN"
"SZAXPI015250-39","YuJ_2015","control",64,"female",21.1,"CHN"
"SZAXPI015251-41","YuJ_2015","control",68,"female",24.9,"CHN"
"SZAXPI015252-43","YuJ_2015","control",53,"male",23.4,"CHN"
"SZAXPI015253-44","YuJ_2015","control",64,"female",22.7,"CHN"
"SZAXPI015254-45","YuJ_2015","control",61,"male",21.5,"CHN"
"SZAXPI015255-46","YuJ_2015","control",62,"female",21.1,"CHN"
"SZAXPI015256-47","YuJ_2015","control",64,"male",24.1,"CHN"
"SZAXPI015257-56","YuJ_2015","control",55,"male",22.3,"CHN"
"SZAXPI015258-57","YuJ_2015","control",64,"female",22.6,"CHN"
"SZAXPI015259-62","YuJ_2015","control",71,"female",23,"CHN"
"SZAXPI015260-74","YuJ_2015","control",64,"female",22.2,"CHN"
"SZAXPI015261-75","YuJ_2015","control",65,"male",22.5,"CHN"
"SZAXPI015262-79","YuJ_2015","control",73,"female",24.1,"CHN"
"SZAXPI015263-84","YuJ_2015","control",54,"male",27.7,"CHN"
"SZAXPI015264-87","YuJ_2015","control",65,"female",21.2,"CHN"
"SZAXPI015265-88","YuJ_2015","control",60,"male",22.5,"CHN"
"SZAXPI015266-89","YuJ_2015","control",58,"male",26.3,"CHN"
"SZAXPI015267-102","YuJ_2015","control",64,"female",21.3,"CHN"
"SZAXPI015268-109","YuJ_2015","control",69,"male",23.8,"CHN"
"SZAXPI015269-94","YuJ_2015","control",65,"female",20,"CHN"
"SZAXPI015270-90","YuJ_2015","control",59,"male",23.7,"CHN"
"SZAXPI015271-93","YuJ_2015","control",70,"female",22.2,"CHN"
"SZAXPI015272-108","YuJ_2015","control",61,"male",23.7,"CHN"
"SZAXPI015273-95","YuJ_2015","control",52,"male",24.6,"CHN"
"SZAXPI015274-111","YuJ_2015","control",58,"male",24.5,"CHN"
"SZAXPI017451-16","YuJ_2015","CRC",60,"male",20,"CHN"
"SZAXPI017452-17","YuJ_2015","CRC",77,"male",24.5,"CHN"
"SZAXPI017453-19","YuJ_2015","CRC",59,"female",27,"CHN"
"SZAXPI017454-20","YuJ_2015","CRC",71,"female",21.2,"CHN"
"SZAXPI017455-21","YuJ_2015","CRC",56,"male",31.3,"CHN"
"SZAXPI017456-23","YuJ_2015","CRC",77,"male",22,"CHN"
"SZAXPI017457-24","YuJ_2015","CRC",77,"male",23.5,"CHN"
"SZAXPI017458-25","YuJ_2015","CRC",83,"female",22.8,"CHN"
"SZAXPI017459-26","YuJ_2015","CRC",79,"female",25.8,"CHN"
"SZAXPI017460-27","YuJ_2015","CRC",69,"female",28.3,"CHN"
"SZAXPI017461-32","YuJ_2015","CRC",62,"male",23.5,"CHN"
"SZAXPI017462-33","YuJ_2015","CRC",78,"male",27,"CHN"
"SZAXPI017463-36","YuJ_2015","CRC",49,"female",22.6,"CHN"
"SZAXPI017464-37","YuJ_2015","CRC",81,"male",18.2,"CHN"
"SZAXPI017465-43","YuJ_2015","CRC",63,"female",28,"CHN"
"SZAXPI017466-84","YuJ_2015","CRC",59,"male",24.5,"CHN"
"SZAXPI017467-87","YuJ_2015","CRC",73,"male",22.1,"CHN"
"SZAXPI017468-88","YuJ_2015","CRC",76,"male",21.9,"CHN"
"SZAXPI017580-90","YuJ_2015","CRC",74,"female",17.9,"CHN"
"SZAXPI017581-93","YuJ_2015","CRC",51,"male",26.9,"CHN"
"SZAXPI017582-94","YuJ_2015","CRC",74,"male",24.2,"CHN"
"SZAXPI017583-102","YuJ_2015","CRC",77,"male",20.2,"CHN"
"SZAXPI017584-108","YuJ_2015","CRC",34,"male",19.4,"CHN"
"SZAXPI017585-109","YuJ_2015","CRC",70,"female",26.7,"CHN"
"SZAXPI017586-111","YuJ_2015","CRC",83,"female",18.9,"CHN"
"SZAXPI017587-113","YuJ_2015","CRC",68,"male",21.5,"CHN"
"SZAXPI017588-123","YuJ_2015","CRC",79,"male",26.8,"CHN"
"SZAXPI017589-133","YuJ_2015","CRC",64,"female",28.3,"CHN"
"SZAXPI017590-136","YuJ_2015","CRC",67,"male",24.9,"CHN"
"SZAXPI017591-140","YuJ_2015","control",61,"male",23.8,"CHN"
"SZAXPI017592-142","YuJ_2015","control",62,"male",21.5,"CHN"
"SZAXPI017593-158","YuJ_2015","CRC",68,"male",23.7,"CHN"
"SZAXPI017594-166","YuJ_2015","CRC",55,"male",25.8,"CHN"
"SZAXPI017595-169","YuJ_2015","CRC",63,"male",22.5,"CHN"
"CCIS00146684ST-4-0","ZellerG_2014","control",72,"female",25,"FRA"
"CCIS00281083ST-3-0","ZellerG_2014","control",53,"male",32,"FRA"
"CCIS02124300ST-4-0","ZellerG_2014","control",35,"male",23,"FRA"
"CCIS02379307ST-4-0","ZellerG_2014","CRC",67,"male",28,"FRA"
"CCIS02856720ST-4-0","ZellerG_2014","control",74,"male",27,"FRA"
"CCIS03473770ST-4-0","ZellerG_2014","control",29,"male",24,"FRA"
"CCIS03857607ST-4-0","ZellerG_2014","control",61,"male",23,"FRA"
"CCIS05314658ST-4-0","ZellerG_2014","control",65,"female",24,"FRA"
"CCIS06260551ST-3-0","ZellerG_2014","CRC",58,"male",24,"FRA"
"CCIS07277498ST-4-0","ZellerG_2014","control",63,"male",NA,"FRA"
"CCIS07539127ST-4-0","ZellerG_2014","control",77,"female",22,"FRA"
"CCIS07648107ST-4-0","ZellerG_2014","control",62,"female",21,"FRA"
"CCIS08668806ST-3-0","ZellerG_2014","adenoma",63,"male",26,"FRA"
"CCIS09568613ST-4-0","ZellerG_2014","control",67,"male",21,"FRA"
"CCIS10706551ST-3-0","ZellerG_2014","control",25,"male",24,"FRA"
"CCIS10793554ST-4-0","ZellerG_2014","adenoma",64,"male",26,"FRA"
"CCIS11015875ST-4-0","ZellerG_2014","CRC",62,"male",26,"FRA"
"CCIS11019776ST-4-0","ZellerG_2014","adenoma",58,"male",22,"FRA"
"CCIS11354283ST-4-0","ZellerG_2014","control",67,"male",27,"FRA"
"CCIS11362406ST-4-0","ZellerG_2014","control",44,"female",26,"FRA"
"CCIS11558985ST-4-0","ZellerG_2014","control",56,"female",NA,"FRA"
"CCIS12370844ST-4-0","ZellerG_2014","CRC",81,"female",39,"FRA"
"CCIS12656533ST-4-0","ZellerG_2014","CRC",51,"male",30,"FRA"
"CCIS13047523ST-4-0","ZellerG_2014","control",70,"male",22,"FRA"
"CCIS14449628ST-4-0","ZellerG_2014","CRC",59,"female",20,"FRA"
"CCIS15704761ST-4-0","ZellerG_2014","CRC",56,"female",NA,"FRA"
"CCIS15794887ST-4-0","ZellerG_2014","control",37,"female",18,"FRA"
"CCIS16326685ST-4-0","ZellerG_2014","control",46,"female",29,"FRA"
"CCIS16383318ST-4-0","ZellerG_2014","control",61,"female",24,"FRA"
"CCIS16561622ST-4-0","ZellerG_2014","control",54,"male",26,"FRA"
"CCIS17669415ST-4-0","ZellerG_2014","CRC",72,"female",37,"FRA"
"CCIS19142497ST-3-0","ZellerG_2014","adenoma",68,"male",23,"FRA"
"CCIS20795251ST-4-0","ZellerG_2014","control",71,"female",23,"FRA"
"CCIS21126322ST-4-0","ZellerG_2014","control",59,"male",25,"FRA"
"CCIS21278152ST-4-0","ZellerG_2014","CRC",63,"male",25,"FRA"
"CCIS22275061ST-4-0","ZellerG_2014","adenoma",62,"male",29,"FRA"
"CCIS22416007ST-4-0","ZellerG_2014","CRC",82,"male",24,"FRA"
"CCIS22906510ST-20-0","ZellerG_2014","adenoma",77,"male",23,"FRA"
"CCIS22958137ST-20-0","ZellerG_2014","CRC",60,"male",26,"FRA"
"CCIS23164343ST-4-0","ZellerG_2014","control",62,"male",23,"FRA"
"CCIS24254057ST-4-0","ZellerG_2014","CRC",69,"female",24,"FRA"
"CCIS24898163ST-4-0","ZellerG_2014","adenoma",59,"male",31,"FRA"
"CCIS25399172ST-4-0","ZellerG_2014","adenoma",60,"male",27,"FRA"
"CCIS27304052ST-3-0","ZellerG_2014","control",52,"female",20,"FRA"
"CCIS27927933ST-4-0","ZellerG_2014","control",72,"male",24,"FRA"
"CCIS28384594ST-4-0","ZellerG_2014","adenoma",89,"male",24,"FRA"
"CCIS29210128ST-4-0","ZellerG_2014","control",64,"male",27,"FRA"
"CCIS29688262ST-20-0","ZellerG_2014","control",50,"male",25,"FRA"
"CCIS31434951ST-20-0","ZellerG_2014","adenoma",66,"male",24,"FRA"
"CCIS32105356ST-4-0","ZellerG_2014","adenoma",53,"male",30,"FRA"
"CCIS32452666ST-4-0","ZellerG_2014","control",68,"male",26,"FRA"
"CCIS33816588ST-4-0","ZellerG_2014","CRC",64,"male",21,"FRA"
"CCIS34055159ST-4-0","ZellerG_2014","CRC",80,"male",29,"FRA"
"CCIS34604008ST-4-0","ZellerG_2014","control",63,"female",27,"FRA"
"CCIS35092938ST-4-0","ZellerG_2014","adenoma",62,"female",21,"FRA"
"CCIS35100175ST-4-0","ZellerG_2014","CRC",73,"male",40,"FRA"
"CCIS36699628ST-4-0","ZellerG_2014","control",68,"female",25,"FRA"
"CCIS36797902ST-4-0","ZellerG_2014","control",63,"male",25,"FRA"
"CCIS37250421ST-4-0","ZellerG_2014","adenoma",59,"female",21,"FRA"
"CCIS38765456ST-20-0","ZellerG_2014","CRC",79,"female",22,"FRA"
"CCIS40244499ST-3-0","ZellerG_2014","CRC",87,"female",32,"FRA"
"CCIS41222843ST-4-0","ZellerG_2014","CRC",73,"female",24,"FRA"
"CCIS41288781ST-4-0","ZellerG_2014","CRC",74,"female",19,"FRA"
"CCIS41548810ST-4-0","ZellerG_2014","CRC",78,"male",19,"FRA"
"CCIS41692898ST-4-0","ZellerG_2014","control",67,"female",28,"FRA"
"CCIS41806458ST-4-0","ZellerG_2014","adenoma",59,"female",NA,"FRA"
"CCIS44093303ST-4-0","ZellerG_2014","control",62,"female",20,"FRA"
"CCIS44676181ST-4-0","ZellerG_2014","adenoma",48,"female",21,"FRA"
"CCIS44743950ST-4-0","ZellerG_2014","adenoma",66,"male",22,"FRA"
"CCIS44757994ST-4-0","ZellerG_2014","CRC",75,"male",37,"FRA"
"CCIS45571137ST-3-0","ZellerG_2014","control",55,"female",20,"FRA"
"CCIS45793747ST-4-0","ZellerG_2014","control",67,"male",25,"FRA"
"CCIS46047672ST-4-0","ZellerG_2014","CRC",65,"male",24,"FRA"
"CCIS46467422ST-4-0","ZellerG_2014","CRC",54,"female",22,"FRA"
"CCIS47284573ST-4-0","ZellerG_2014","CRC",67,"male",25,"FRA"
"CCIS47745468ST-4-0","ZellerG_2014","adenoma",63,"male",27,"FRA"
"CCIS48174381ST-4-0","ZellerG_2014","control",66,"male",25,"FRA"
"CCIS48507077ST-4-0","ZellerG_2014","adenoma",72,"female",32,"FRA"
"CCIS48579360ST-4-0","ZellerG_2014","adenoma",52,"female",23,"FRA"
"CCIS48725289ST-4-0","ZellerG_2014","CRC",62,"female",21,"FRA"
"CCIS50003399ST-4-0","ZellerG_2014","control",66,"female",28,"FRA"
"CCIS50148151ST-4-0","ZellerG_2014","CRC",87,"female",15,"FRA"
"CCIS50369211ST-20-0","ZellerG_2014","adenoma",53,"female",33,"FRA"
"CCIS50471204ST-4-0","ZellerG_2014","control",61,"female",23,"FRA"
"CCIS50561855ST-4-0","ZellerG_2014","adenoma",60,"female",26,"FRA"
"CCIS51595129ST-4-0","ZellerG_2014","control",63,"female",22,"FRA"
"CCIS51667829ST-4-0","ZellerG_2014","adenoma",63,"male",26,"FRA"
"CCIS52234160ST-4-0","ZellerG_2014","adenoma",64,"male",28,"FRA"
"CCIS52370277ST-4-0","ZellerG_2014","CRC",53,"male",25,"FRA"
"CCIS53043478ST-4-0","ZellerG_2014","CRC",72,"male",22,"FRA"
"CCIS53355328ST-4-0","ZellerG_2014","CRC",76,"male",NA,"FRA"
"CCIS53557295ST-4-0","ZellerG_2014","adenoma",45,"male",24,"FRA"
"CCIS54027808ST-4-0","ZellerG_2014","adenoma",52,"male",33,"FRA"
"CCIS55230578ST-4-0","ZellerG_2014","CRC",64,"male",30,"FRA"
"CCIS55531770ST-4-0","ZellerG_2014","adenoma",45,"female",24,"FRA"
"CCIS56503244ST-3-0","ZellerG_2014","adenoma",68,"male",21,"FRA"
"CCIS58234805ST-4-0","ZellerG_2014","CRC",70,"female",26,"FRA"
"CCIS59132091ST-4-0","ZellerG_2014","CRC",80,"female",23,"FRA"
"CCIS59903910ST-4-0","ZellerG_2014","adenoma",76,"female",34,"FRA"
"CCIS61287323ST-4-0","ZellerG_2014","CRC",76,"male",25,"FRA"
"CCIS62605362ST-3-0","ZellerG_2014","CRC",56,"female",23,"FRA"
"CCIS62794166ST-4-0","ZellerG_2014","CRC",68,"male",23,"FRA"
"CCIS63448910ST-4-0","ZellerG_2014","control",61,"female",34,"FRA"
"CCIS63468405ST-4-0","ZellerG_2014","control",69,"female",25,"FRA"
"CCIS63910149ST-4-0","ZellerG_2014","control",49,"female",23,"FRA"
"CCIS64773582ST-4-0","ZellerG_2014","control",63,"female",23,"FRA"
"CCIS64785924ST-20-0","ZellerG_2014","control",59,"female",25,"FRA"
"CCIS65479369ST-4-0","ZellerG_2014","CRC",69,"female",25,"FRA"
"CCIS70398272ST-4-0","ZellerG_2014","adenoma",55,"male",24,"FRA"
"CCIS71301801ST-4-0","ZellerG_2014","CRC",50,"female",24,"FRA"
"CCIS71578391ST-4-0","ZellerG_2014","control",70,"male",25,"FRA"
"CCIS72607085ST-4-0","ZellerG_2014","CRC",74,"female",26,"FRA"
"CCIS74239020ST-4-0","ZellerG_2014","control",62,"male",24,"FRA"
"CCIS74726977ST-3-0","ZellerG_2014","adenoma",66,"male",24,"FRA"
"CCIS76563044ST-4-0","ZellerG_2014","adenoma",68,"male",36,"FRA"
"CCIS76845094ST-20-0","ZellerG_2014","CRC",44,"male",20,"FRA"
"CCIS77100899ST-4-0","ZellerG_2014","adenoma",73,"male",26,"FRA"
"CCIS77252613ST-4-0","ZellerG_2014","CRC",65,"male",26,"FRA"
"CCIS78100604ST-4-0","ZellerG_2014","control",64,"female",30,"FRA"
"CCIS78318719ST-4-0","ZellerG_2014","CRC",69,"female",30,"FRA"
"CCIS79210440ST-3-0","ZellerG_2014","control",65,"male",30,"FRA"
"CCIS80834637ST-4-0","ZellerG_2014","control",60,"female",28,"FRA"
"CCIS81139242ST-4-0","ZellerG_2014","control",64,"female",20,"FRA"
"CCIS81710917ST-20-0","ZellerG_2014","adenoma",49,"male",20,"FRA"
"CCIS81735969ST-20-0","ZellerG_2014","adenoma",68,"male",26,"FRA"
"CCIS81887263ST-4-0","ZellerG_2014","CRC",59,"male",27,"FRA"
"CCIS82146115ST-4-0","ZellerG_2014","CRC",51,"male",24,"FRA"
"CCIS82507866ST-3-0","ZellerG_2014","control",57,"male",24,"FRA"
"CCIS82944710ST-20-0","ZellerG_2014","control",38,"female",22,"FRA"
"CCIS83445808ST-4-0","ZellerG_2014","adenoma",66,"male",29,"FRA"
"CCIS83574003ST-4-0","ZellerG_2014","adenoma",60,"male",24,"FRA"
"CCIS83870198ST-4-0","ZellerG_2014","CRC",48,"female",24,"FRA"
"CCIS84543192ST-4-0","ZellerG_2014","CRC",45,"female",28,"FRA"
"CCIS85214191ST-3-0","ZellerG_2014","CRC",63,"male",22,"FRA"
"CCIS87116798ST-4-0","ZellerG_2014","CRC",85,"female",20,"FRA"
"CCIS87167916ST-4-0","ZellerG_2014","CRC",79,"male",30,"FRA"
"CCIS87252800ST-4-0","ZellerG_2014","CRC",73,"male",17,"FRA"
"CCIS87290971ST-4-0","ZellerG_2014","adenoma",71,"male",29,"FRA"
"CCIS87605453ST-4-0","ZellerG_2014","CRC",73,"female",26,"FRA"
"CCIS88007743ST-4-0","ZellerG_2014","control",67,"female",23,"FRA"
"CCIS88317640ST-4-0","ZellerG_2014","control",74,"male",27,"FRA"
"CCIS90164298ST-4-0","ZellerG_2014","control",84,"male",23,"FRA"
"CCIS90166425ST-4-0","ZellerG_2014","adenoma",78,"female",23,"FRA"
"CCIS90443472ST-4-0","ZellerG_2014","adenoma",63,"male",30,"FRA"
"CCIS90903952ST-3-0","ZellerG_2014","adenoma",71,"female",22,"FRA"
"CCIS91228662ST-4-0","ZellerG_2014","CRC",63,"male",31,"FRA"
"CCIS93040568ST-20-0","ZellerG_2014","control",65,"male",30,"FRA"
"CCIS94417875ST-3-0","ZellerG_2014","control",59,"female",25,"FRA"
"CCIS94496512ST-4-0","ZellerG_2014","adenoma",64,"male",28,"FRA"
"CCIS94603952ST-4-0","ZellerG_2014","control",80,"female",21,"FRA"
"CCIS95097901ST-4-0","ZellerG_2014","control",52,"male",24,"FRA"
"CCIS95409808ST-4-0","ZellerG_2014","control",63,"female",21,"FRA"
"CCIS96387239ST-4-0","ZellerG_2014","adenoma",66,"male",20,"FRA"
"CCIS98482370ST-3-0","ZellerG_2014","control",53,"female",30,"FRA"
"CCIS98512455ST-4-0","ZellerG_2014","CRC",63,"male",29,"FRA"
"CCIS98832363ST-4-0","ZellerG_2014","CRC",55,"female",25,"FRA"
